﻿OBJECTID,Park Name,Facility Name,Description (AMWO),PMA ID (AMWO),Location ID (AMWO),AMWO ID,Life Cycle Status,Life Cycle Status Code (AMWO),Open to Public (AMWO),Year Constructed (AMWO),Season (AMWO),Current Status (AMWO),Reason Closed (AMWO),Season Closure Date (AMWO),Usage (AMWO),Sani-Can Onsite (AMWO),Hours Open (AMWO),Locked By (AMWO),POINT_X,POINT_Y,Latitude (AMWO),Longitude (AMWO),Council District,Maintenance District,RSE Priority,LINK_1,LINK_2,Spatial Data Quality Level,GLOBALID,SE_ANNO_CAD_DATA,CREATED_USER,CREATED_DATE,LAST_EDITED_USER,LAST_EDITED_DATE,x,y
6315,Washington Park and Arboretum,Washington Park and Arboretum Composting Toilet,ARBORETUM COMPOSTING RESTROOM,393,1975,RESTROOM-ARBCS,,A,YES,2020,YEAR ROUND,OPEN,,,,,PARK HOURS,NONE,,,47.63069171,-122.29440772,3,CE PMD3,,,,QL-D3,fd828116-a874-40a6-b5e6-8593371e372e,System.Byte[],SeattleParks_SeattleCityGIS,1/27/2025 7:37:54 PM,SeattleParks_SeattleCityGIS,1/27/2025 7:37:54 PM,1280180.86967239,233476.808434218
6316,Bar-S Playground,Bar S Playgroud Concession CS,BAR S PLAYGROUND SHELTER HOUSE RESTROOM,3703,1919,RESTROOM-BARSPGCS,,A,YES,1985,YEAR ROUND,LIMITED USE,,,EVENTS / PROGRAMS ONLY,,PARK HOURS,NONE,,,47.57511156,-122.41571375,1,SW PMD1,,,,QL-D3,ebe91e91-c1ee-4227-88e7-28fe990729dd,System.Byte[],SeattleParks_SeattleCityGIS,1/27/2025 7:37:54 PM,SeattleParks_SeattleCityGIS,1/27/2025 7:37:54 PM,1249859.42769073,213798.796281129
6317,Jefferson Park Golf Course,Jefferson,,,,,,NO,,,,,,,,,,,,,,,,,Highest Equity Priority,,,QL-D3,455e8f90-6097-499e-8a6c-535bc5a38e15,System.Byte[],SeattleParks_SeattleCityGIS,1/27/2025 7:37:54 PM,SeattleParks_SeattleCityGIS,1/27/2025 7:37:54 PM,1277117.03984205,210688.790690139
6318,,SEWARD PARK FISH HATCHERY RESTROOM,SEWARD PARK FISH HATCHERY RESTROOM,428,2292,RESTROOM-SEWFHCS,,NO,NO,1932,,,Area not accessible to public,,,,,,,,47.55656878,-122.24944005,2,SE PMD2,,,,QL-D3,d434a99c-0d24-4d81-8580-43ee80fb9a8b,System.Byte[],SeattleParks_SeattleCityGIS,1/27/2025 7:37:54 PM,SeattleParks_SeattleCityGIS,1/27/2025 7:37:54 PM,1290769.12277406,206236.670001224
6319,Volunteer Park,VOLUNTEER PARK TRANSIT COMFORT STATION,VOLUNTEER PARK TRANSIT RESTROOM,399,2333,RESTROOM-VOLTRCS,,A,NO,1910,YEAR ROUND,OPEN,,,METRO TRANSIT ONLY,,PARK HOURS,NONE,,,47.63213911,-122.31308018,3,CE PMD3,Lowest,,,QL-D3,5fd75be8-951b-41c1-ae3e-05d0208115a9,System.Byte[],SeattleParks_SeattleCityGIS,1/27/2025 7:37:54 PM,SeattleParks_SeattleCityGIS,1/27/2025 7:37:54 PM,1275587.78863548,234092.635942712
6320,West Seattle Golf Course,WEST SEATTLE GOLF COMFORT STATION,WEST SEATTLE GOLF RESTROOM,469,2609,RESTROOM-WSGCS,,A,NO,1957,YEAR ROUND,CLOSED,OTHER,,,,,,,,47.56315889,-122.3677999,1,SW PMD1,,,,QL-D3,49d3e758-f634-4a86-892c-6f9450af75df,System.Byte[],SeattleParks_SeattleCityGIS,1/27/2025 7:37:54 PM,SeattleParks_SeattleCityGIS,1/27/2025 7:37:54 PM,1261596.82547572,209200.26610814
6321,,Asa Mercer,MERCER MIDDLE SCHOOL RESTROOM,P0071,1540,RESTROOM-MERCMS,,NO,,1753,,,,,,,,,,,47.56452788,-122.31214777,,,Highest Equity Priority,,,QL-D3,e4032905-14a7-41c2-91b0-9c6456a092ae,System.Byte[],SeattleParks_SeattleCityGIS,1/27/2025 7:37:54 PM,SeattleParks_SeattleCityGIS,1/27/2025 7:37:54 PM,1275343.75959598,209430.550424471
6322,Delridge Playfield,Delridge PF CS,DELRIDGE PLAYFIELD RESTROOM,450,2038,RESTROOM-DELPFCS,,DP,NO,1969,SEASONAL,CLOSED,OTHER,0.0000,,,,NONE,1262627.13508172,209272.77517834,47.56341388,-122.36363342,1,SW PMD1,,,,QL-D3,578161b5-fceb-4293-8a3a-b3261a1c1567,System.Byte[],SeattleParks_SeattleCityGIS,1/27/2025 7:37:54 PM,SeattleParks_SeattleCityGIS,1/27/2025 7:37:54 PM,1262627.1350949,209272.775149465
6323,Hiawatha Playfield,Hiawatha CC ,HIAWATHA COMMUNITY CENTER RESTROOM,456,2115,RESTROOM-HICC,,A,Yes,1753,SEASONAL,CLOSED,CAPITAL PROJECT-PLANNED,,,YES,,,1257619.0703086,214750.76814397,47.57815389,-122.38436113,1,SW PMD1,Second Lowest,,1,QL-D3,36daf7eb-3bed-4033-9b82-1b8eaaa52e68,System.Byte[],SeattleParks_SeattleCityGIS,1/27/2025 7:37:54 PM,SeattleParks_SeattleCityGIS,1/27/2025 7:37:54 PM,1257619.0703079,214750.768130466
6324,Fairmount Playground,Fairmount PG CS,FAIRMOUNT PLAYGROUND RESTROOM,452,2070,RESTROOM-FMPGCS,,A,YES,1961,SEASONAL,CLOSED,SEASON,NOV,,NO,7AM - 7/9PM,DISTRICT,1258416.48502941,205874.34496687,47.55386818,-122.38040809,1,SW PMD1,Middle,,,QL-D3,2cca9b07-5d49-4497-b278-1f221f1efc3d,System.Byte[],SeattleParks_SeattleCityGIS,1/27/2025 7:37:54 PM,SeattleParks_SeattleCityGIS,1/27/2025 7:37:54 PM,1258416.48505165,205874.344938472
6325,Lincoln Park,Lincoln Park Conc/CS ,LINCOLN PARK CONCESSION/RESTROOM,460,2181,RESTROOM-LINCCS,,A,YES,1951,SEASONAL,CLOSED,SEASON,NOV,,,7AM - 7/9PM,DISTRICT,1254844.20086576,196565.63026933,47.52815588,-122.39410716,1,SW PMD1,,,,QL-D3,8f01698c-9f57-4c8b-9e21-48d8ba43cbe4,System.Byte[],SeattleParks_SeattleCityGIS,1/27/2025 7:37:54 PM,SeattleParks_SeattleCityGIS,1/27/2025 7:37:54 PM,1254844.20085764,196565.630288213
6326,Lincoln Park,Lincoln Park Wading Pool SH,LINCOLN PARK WADING POOL SHELTERHOUSE RESTROOM,460,2188,RESTROOM-LINWPSH,,A,YES,1971,YEAR ROUND,OPEN,,,,,7AM - 7/9PM,DISTRICT,1254725.78704163,198823.89907165,47.53433905,-122.39477181,1,SW PMD1,,,1,QL-D3,460cbb33-4225-47a9-9f6d-8284ae3bc74a,System.Byte[],SeattleParks_SeattleCityGIS,1/27/2025 7:37:54 PM,SeattleParks_SeattleCityGIS,1/27/2025 7:37:54 PM,1254725.78705248,198823.899065629
6327,Lincoln Park,Colman Pool Bath House,COLMAN POOL BATH HOUSE,460,1266,RESTROOM-COLPLBH,,A,YES,1941,YEAR ROUND,OPEN,OTHER,,,,7AM - 7/9PM,DISTRICT,1253224.9574081,197421.13811022,47.53041055,-122.40073047,1,SW PMD1,,,1,QL-D3,2c1cfe38-5d6a-44aa-8a89-7f4614d5b134,System.Byte[],SeattleParks_SeattleCityGIS,1/27/2025 7:37:54 PM,SeattleParks_SeattleCityGIS,1/27/2025 7:37:54 PM,1253224.95737697,197421.138091639
6328,,Othello Park SH,OTHELLO PARK SHELTERHOUSE RESTROOM,403,2238,RESTROOM-OTHPGSH,,A,YES,1976,YEAR ROUND,OPEN,NA,,,,7AM - 7/9PM,DISTRICT,1283838.63174345,199077.45337591,47.53659223,-122.27695883,2,SE PMD2,Highest Equity Priority,,1,QL-D3,8ab79ba7-3ccc-4fbf-8428-804c3312b65b,System.Byte[],SeattleParks_SeattleCityGIS,1/27/2025 7:37:54 PM,SeattleParks_SeattleCityGIS,1/27/2025 7:37:54 PM,1283838.63171381,199077.453348547
6329,Montlake Playfield,Montlake CC,MONTLAKE COMMUNITY CENTER RESTROOM,376,1151,RESTROOM-MTLKCC,,NO,,1753,,,,,,,,,,,47.64132372,-122.30981573,3,CE PMD3,Lowest,,1,QL-D3,bf7cc254-d893-43d0-b0cc-cd65c6437ff9,System.Byte[],SeattleParks_SeattleCityGIS,1/27/2025 7:37:54 PM,SeattleParks_SeattleCityGIS,1/27/2025 7:37:54 PM,1276456.80691056,237426.789379388
6330,,Maple Leaf PG SH,MAPLE LEAF PLAYGROUND SHELTERHOUSE RESTROOM,3881,2209,RESTROOM-MLPGSH,,A,YES,1937,YEAR ROUND,OPEN,,,,,7AM - 7/9PM,DISTRICT,1275095.28696649,254983.83007316,47.68937541,-122.31671038,,NE PMD4/5,,,1,QL-D3,390e54e6-1c0f-4fec-8ca9-1396dcc2a9fa,System.Byte[],SeattleParks_SeattleCityGIS,1/27/2025 7:37:54 PM,SeattleParks_SeattleCityGIS,1/27/2025 7:37:54 PM,1275095.28699581,254983.830052629
6331,"John C. Little, Sr. Park",,JOHN C LITTLE SR PARK RESTROOM,429,2585,RESTROOM-37PKCS,,A,YES,1753,SEASONAL,CLOSED,SEASON,NOV,,,7AM - 7/9PM,NONE,,,47.53943358,-122.28641197,2,,Highest Equity Priority,,,QL-D3,e1482f10-b8e6-4656-842f-e8dfcf067745,System.Byte[],SeattleParks_SeattleCityGIS,1/27/2025 7:37:54 PM,SeattleParks_SeattleCityGIS,1/27/2025 7:37:54 PM,1281523.53430989,200157.636227548
6332,,Green Lake CC ,GREEN LAKE COMMUNITY CENTER RESTROOM,307,1135,RESTROOM-GLKCC,,A,YES,1753,YEAR ROUND,OPEN,,,,,7AM - 7/9PM,DISTRICT,1272089.87013142,251721.35032582,47.68027361,-122.32865336,,,Lowest,,1,QL-D3,3b2febba-33e5-49e0-8d43-fcaa57871165,System.Byte[],SeattleParks_SeattleCityGIS,1/27/2025 7:37:54 PM,SeattleParks_SeattleCityGIS,1/27/2025 7:37:54 PM,1272089.8701064,251721.35035713
6333,Green Lake Park,Green Lake Park Sml Craft Ctr Sh,GREEN LAKE SMALL CRAFT CENTER RESTROOM,307,1091,RESTROOM-GLKBSCS,,A,YES,1958,YEAR ROUND,OPEN,,,,,7AM - 7/9PM,DISTRICT,1268444.59063968,248790.10193881,47.67204405,-122.3432151,,,Lowest,,,QL-D3,c7fc45d9-60d9-47e9-84cc-300b2f14da84,System.Byte[],SeattleParks_SeattleCityGIS,1/27/2025 7:37:54 PM,SeattleParks_SeattleCityGIS,1/27/2025 7:37:54 PM,1268444.59065156,248790.10195455
6334,,Green Lake Park Wading Pool CS ,GREEN LAKE PARK WADING POOL RESTROOM,307,2108,RESTROOM-GLKWPCS,,A,YES,1960,YEAR ROUND,OPEN,,,,,PARK HOURS,NONE,1270202.88766548,253562.7531437,47.68522005,-122.33645811,,,Lowest,,,QL-D3,de28fb5a-ae17-4532-b43b-c5002a429dae,System.Byte[],SeattleParks_SeattleCityGIS,1/27/2025 7:37:54 PM,SeattleParks_SeattleCityGIS,1/27/2025 7:37:54 PM,1270202.88765989,253562.753170386
6335, ,Magnolia CC,MAGNOLIA COMMUNITY CENTER RESTROOM,0,1148,RESTROOM-MGLCC,,NO,,1753,,,,,,,,,,,47.64211502,-122.39975469,6,CW PMD7,,,1,QL-D3,4434461c-8d78-4a91-aa97-f0317bbfe8f0,System.Byte[],SeattleParks_SeattleCityGIS,1/27/2025 7:37:54 PM,SeattleParks_SeattleCityGIS,1/27/2025 7:37:54 PM,1254295.27872714,238153.680970222
6336,West Magnolia Playfield,W Magnolia PF South CS,W MAGNOLIA PLAYFIELD SOUTH RESTROOM,319,2606,RESTROOM-WMGLPFCS,,A,YES,1987,YEAR ROUND,OPEN,,,,,7AM - 7/9PM,DISTRICT,1254422.46185732,237610.09610337,47.64063219,-122.39919401,6,CW PMD7,,,,QL-D3,9da1d7d7-e8e1-4087-95fa-1ad045b957b1,System.Byte[],SeattleParks_SeattleCityGIS,1/27/2025 7:37:54 PM,SeattleParks_SeattleCityGIS,1/27/2025 7:37:54 PM,1254422.46187173,237610.096099377
6337,,W Magnolia PF North CS,W MAGNOLIA PLAY FIELD NORTH RESTROOM,319,2466,RESTROOM-WMGLPFNC,,A,YES,2013,SEASONAL,CLOSED,SEASON,NOV,,,7AM - 7/9PM,DISTRICT,,,47.64513051,-122.39888118,6,CW PMD7,,,,QL-D3,21a8a024-ee85-43c3-969c-7076a0a68688,System.Byte[],SeattleParks_SeattleCityGIS,1/27/2025 7:37:54 PM,SeattleParks_SeattleCityGIS,1/27/2025 7:37:54 PM,1254532.94426231,239249.017034128
6338,Volunteer Park,Volunteer Park Bandstand CS,VOLUNTEER PARK BANDSTAND RESTROOM,399,2330,RESTROOM-VOLBCS,,A,YES,2022,YEAR ROUND,LIMITED USE,,NOV,EVENTS / PROGRAMS ONLY,,7AM - 7/9PM,DISTRICT,1274550.87538193,233449.2107231,47.63032076,-122.31723455,3,CE PMD3,Lowest,,,QL-D3,c8122c26-7511-4054-9645-25c47d33d819,System.Byte[],SeattleParks_SeattleCityGIS,1/27/2025 7:37:54 PM,SeattleParks_SeattleCityGIS,1/27/2025 7:37:54 PM,1274550.87535498,233449.21072039
6339,Volunteer Park,Volunteer Park Pergola CS ,VOLUNTEER PARK PERGOLA RESTROOM,399,2331,RESTROOM-VOLPCS,,A,YES,1922,YEAR ROUND,OPEN,,,,,7AM - 7/9PM,DISTRICT,1275081.28607048,234061.46569973,47.63202696,-122.31513161,3,CE PMD3,Lowest,,,QL-D3,7d6515ea-236f-4a1b-8de1-642a0880b1fa,System.Byte[],SeattleParks_SeattleCityGIS,1/27/2025 7:37:54 PM,SeattleParks_SeattleCityGIS,1/27/2025 7:37:54 PM,1275081.28603956,234061.46572946
6340,Maple Wood Playfield,Maple Wood PF CS,MAPLE WOOD PLAYFIELD RESTROOM,418,2210,RESTROOM-MWPFCS,,A,YES,1974,SEASONAL,CLOSED,SEASON,DEC,,,7AM - 7/9PM,DISTRICT,1273800.87749317,207688.80192873,47.55967233,-122.31825991,,,,,,QL-D3,0ddca36c-b3f7-4220-ae9f-b54e97406fc0,System.Byte[],SeattleParks_SeattleCityGIS,1/27/2025 7:37:54 PM,SeattleParks_SeattleCityGIS,1/27/2025 7:37:54 PM,1273800.87751114,207688.801939473
6341,Kubota Gardens,,KUBOTA GARDEN RESTROOM,262,1450,RESTROOM-KGCS,,A,Yes,2022,Year Round,OPEN,,,,,,,,,47.5120213,-122.26605068,2,SE PMD2,Highest Equity Priority,,,QL-D3,2d2546d8-e093-4fa8-8b83-e8334b6bd770,System.Byte[],SeattleParks_SeattleCityGIS,1/27/2025 7:37:54 PM,SeattleParks_SeattleCityGIS,1/27/2025 7:37:54 PM,1286365.80349673,190066.04092522
6342,Jim Ellis Freeway Park,FREEWAY PARK COMFORT STATION,FREEWAY PARK RESTROOM,312,2076,RESTROOM-FRWCS,,A,NO,1976,YEAR ROUND,CLOSED,OTHER,,,,,NONE,,,47.61044945,-122.33019388,,,,,1,QL-D3,0e90b67c-0054-43d5-aa8a-a661383458a4,System.Byte[],SeattleParks_SeattleCityGIS,1/27/2025 7:37:54 PM,SeattleParks_SeattleCityGIS,1/27/2025 7:37:54 PM,1271215.08806331,226264.096153632
6343,Pendleton Miller Playfield,Miller CC,MILLER PLAYFIELD RESTROOM,373,2224,RESTROOM-MLPFCS,,A,YES,1753,SEASONAL,CLOSED,SEASON,DEC,,,7AM - 7/9PM,VENDOR,,,47.621728,-122.30693954,3,CE PMD3,Middle,,,QL-D3,c072c622-b13f-41e0-9b85-89290171c21f,System.Byte[],SeattleParks_SeattleCityGIS,1/27/2025 7:37:54 PM,SeattleParks_SeattleCityGIS,1/27/2025 7:37:54 PM,1277028.85301057,230266.669841379
6344,Colman Playground,Colman PG SH,COLMAN PG FIELD HOUSE RESTROOM,406,2422,RESTROOM-COLPGSH,,A,YES,1937,SEASONAL,CLOSED,SEASON,DEC,,,7AM - 7/9PM,SCHOOL,1277968.73266543,217646.07995492,47.58718436,-122.30215238,,SC PMD2,Second Highest,,1,QL-D3,19d2eed4-5eda-4982-a43c-82c876ce2177,System.Byte[],SeattleParks_SeattleCityGIS,1/27/2025 7:37:54 PM,SeattleParks_SeattleCityGIS,1/27/2025 7:37:54 PM,1277968.73269248,217646.079925135
6345,Pratt Park,Pratt Park CS,PRATT PARK RESTROOM,390,2245,RESTROOM-PRTCS,,A,YES,2022,YEAR ROUND,OPEN,REPAIR,,,,7AM - 7/9PM,DISTRICT,1276946.3653044,222569.10779996,47.60116253,-122.30696249,,CE PMD3,Highest Equity Priority,,,QL-D3,0747d81b-0ae3-4908-98b7-6d5f56adf912,System.Byte[],SeattleParks_SeattleCityGIS,1/27/2025 7:37:54 PM,SeattleParks_SeattleCityGIS,1/27/2025 7:37:54 PM,1276879.5570493,222766.585760221
6346,Stan Sayres Memorial Park,Stan Sayres Memorial Park CS-Mt Baker Rowing and Sail,MT BAKER ROWING AND SAIL CREW HOUSE RESTROOM,425,2284,RESTROOM-MTBRSBS,,A,YES,1753,YEAR ROUND,OPEN,,,,,7AM - 7/9PM,DISTRICT,,,47.57055104,-122.27764002,2,SC PMD2,,,1,QL-D3,de7bcbd4-8ba3-48ef-b9fe-5e1c6524bca2,System.Byte[],SeattleParks_SeattleCityGIS,1/27/2025 7:37:54 PM,SeattleParks_SeattleCityGIS,1/27/2025 7:37:54 PM,1283902.86058797,211465.413152635
6347,Camp Long,Camp Long East CS,CAMP LONG EAST RESTROOM,4154,2556,RESTROOM-CLECS,,A,YES,1937,SEASONAL,CLOSED,SEASON,NOV,,,9AM - 6/8 PM,DISTRICT,1260139.53117518,206544.72647156,47.5558004,-122.37348607,1,SW PMD1,Second Highest,,,QL-D3,fff8d737-8ccf-48c6-ae31-7506ffa35d0b,System.Byte[],SeattleParks_SeattleCityGIS,1/27/2025 7:37:54 PM,SeattleParks_SeattleCityGIS,1/27/2025 7:37:54 PM,1260139.53114623,206544.726471722
6348,Camp Long,Camp Long West CS,CAMP LONG WEST RESTROOM,4154,2558,RESTROOM-CLWCS,,A,YES,2001,YEAR ROUND,CLOSED,REPAIR-VANDALISM,,,,9AM - 6/8 PM,DISTRICT,1259829.79389486,206721.84883975,47.55626888,-122.37475456,1,SW PMD1,Second Highest,,,QL-D3,776abc2f-69a2-4cad-b5ed-58ae1e762bd4,System.Byte[],SeattleParks_SeattleCityGIS,1/27/2025 7:37:54 PM,SeattleParks_SeattleCityGIS,1/27/2025 7:37:54 PM,1259829.79390481,206721.84882088
6349,,Jefferson Park CS,JEFFERSON PARK RESTROOM,114,2142,RESTROOM-JFPKCS,,A,YES,2009,YEAR ROUND,OPEN,,,,,7AM - 7/9PM,DISTRICT,1275829.40363924,211350.36353248,47.56981562,-122.31033027,,SC PMD2,Highest Equity Priority,,,QL-D3,5e292913-69f1-481f-aa26-84cbed9442ca,System.Byte[],SeattleParks_SeattleCityGIS,1/27/2025 7:37:54 PM,SeattleParks_SeattleCityGIS,1/27/2025 7:37:54 PM,1275829.40363781,211350.363513961
6350,Beacon Hill Playground,Beacon Hill PG SH,BEACON HILL PLAYGROUND RESTROOM,400,1988,RESTROOM-BHPGCS,,A,YES,1951,SEASONAL,CLOSED,SEASON,NOV,,,7AM - 7/9PM,DISTRICT,1274611.22463,217434.3818427,47.58642761,-122.31573879,,,,,,QL-D3,273bedf2-9916-48c3-be2d-03d2ce8cbf4d,System.Byte[],SeattleParks_SeattleCityGIS,1/27/2025 7:37:54 PM,SeattleParks_SeattleCityGIS,1/27/2025 7:37:54 PM,1274611.22464372,217434.381857723
6351,Madrona Park,Madrona Park Conc/CS,MADRONA PARK RESTROOM,370,2195,RESTROOM-MDRCCS,,A,YES,1959,YEAR ROUND,OPEN,,,,,7AM - 7/9PM,DISTRICT,1282957.44217454,225936.02530742,47.61016636,-122.28257304,3,CE PMD3,,,,QL-D3,67641fe7-ccef-4bb0-a90b-d9d9b4724705,System.Byte[],SeattleParks_SeattleCityGIS,1/27/2025 7:37:54 PM,SeattleParks_SeattleCityGIS,1/27/2025 7:37:54 PM,1282957.44220322,225936.025287464
6352,Madrona Park,Madrona Dance Studio ,MADRONA DANCE STUDIO RESTROOM,370,1472,RESTROOM-MDRDSCS,,NO,,1927,,,,,,,,,1282922.5804145,225593.92226706,47.60922685,-122.28268823,3,CE PMD3,,,,QL-D3,98cfc1fd-b3af-4d95-bed1-192d24716410,System.Byte[],SeattleParks_SeattleCityGIS,1/27/2025 7:37:54 PM,SeattleParks_SeattleCityGIS,1/27/2025 7:37:54 PM,1282922.58039631,225593.922297135
6353,Meadowbrook Playfield,Meadowbrook PF SH,MEADOWBROOK PLAYFIELD SHELTERHOUSE RESTROOM,352,2215,RESTROOM-MBPFSH,,A,YES,1974,SEASONAL,OPEN,,DEC,,,7AM - 7/9PM,DISTRICT,1280836.84998037,261117.18751945,47.70648787,-122.29387516,5,NE PMD4/5,Second Highest,,1,QL-D3,678665f9-24ba-4621-a992-82d3d88b54de,System.Byte[],SeattleParks_SeattleCityGIS,1/27/2025 7:37:54 PM,SeattleParks_SeattleCityGIS,1/27/2025 7:37:54 PM,1280836.84998773,261117.187536553
6354,Jackson Park Golf Course,JACKSON GOLF 7TH TEE COMFORT STATION,JACKSON GOLF 7TH TEE RESTROOM,327,2128,RESTROOM-JG7TCS,,A,NO,1930,SEASONAL,CLOSED,CAPITAL PROJECT-PLANNED,,,,,,,,47.72992129,-122.32147544,5,NE PMD4/5,Second Highest,,1,QL-D3,6cd4f6ac-bad1-4394-ab5f-0bc6005b7ced,System.Byte[],SeattleParks_SeattleCityGIS,1/27/2025 7:37:54 PM,SeattleParks_SeattleCityGIS,1/27/2025 7:37:54 PM,1274207.88621156,269793.501548722
6355,Warren G. Magnuson Park,Magnuson Park Sports Meadow SH ,MAGNUSON PARK SPORTS MEADOW RESTROOM,398,2208,RESTROOM-MGSSMSH,,A,YES,1980,SEASONAL,CLOSED,REPAIR-VANDALISM,DEC,,,7AM - 7/9PM,DISTRICT,1290613.68999039,251625.31186172,47.68097224,-122.25346134,4,NE PMD4/5,,,1,QL-D3,92f385cc-b8c9-408d-9c3c-b66f2ee98029,System.Byte[],SeattleParks_SeattleCityGIS,1/27/2025 7:37:54 PM,SeattleParks_SeattleCityGIS,1/27/2025 7:37:54 PM,1290613.69001406,251625.311835304
6356,Warren G. Magnuson Park,Magnuson Park Building 315 Lookout CS ,MAGNUSON PARK BUILDING 315 LOOKOUT RESTROOM,398,1497,RESTROOM-SPT315,,DP,NO,1938,YEAR ROUND,CLOSED,OTHER,,,,,,1291682.02611949,250746.47077282,47.67861728,-122.24905947,4,NE PMD4/5,,,,QL-D3,28c0d979-7c93-4519-a1e1-530e9b1c0650,System.Byte[],SeattleParks_SeattleCityGIS,1/27/2025 7:37:54 PM,SeattleParks_SeattleCityGIS,1/27/2025 7:37:54 PM,1291682.02613197,250746.470745221
6357,Yesler Terrace Park,Yesler Community Center,YESLER CC EXTERIOR RESTROOM,4263,1835,RESTROOM-YESCCL,,A,YES,1753,YEAR ROUND,CLOSED,REPAIR-VANDALISM,,,,7AM - 7/9PM,DISTRICT,,,47.60146338,-122.32008065,,CE PMD3,Highest Equity Priority,,,QL-D3,85c01bfc-8bd7-47ce-9706-0c430569d1ba,System.Byte[],SeattleParks_SeattleCityGIS,1/27/2025 7:37:54 PM,SeattleParks_SeattleCityGIS,1/27/2025 7:37:54 PM,1273645.89192873,222938.548014715
6358,,Carkeek Park CS,CARKEEK PARK RESTROOM,240,2014,RESTROOM-CKCS,,A,YES,1954,YEAR ROUND,OPEN,,,,,7AM - 7/9PM,DISTRICT,1260306.43139935,263890.97331429,47.712992,-122.3774699,5,NW PMD6,Lowest,,,QL-D3,4d5d598f-0c32-40a6-8672-bfb99cbbf139,System.Byte[],SeattleParks_SeattleCityGIS,1/27/2025 7:37:54 PM,SeattleParks_SeattleCityGIS,1/27/2025 7:37:54 PM,1260306.43140298,263890.973327547
6359,,Discovery Park Beach/Hidden Valley CS,DISCOVERY PARK BEACH/HIDDEN VALLEY RESTROOM,310,2042,RESTROOM-DPBCS,,A,YES,1974,SEASONAL,CLOSED,SEASON,DEC,,,7AM - 7/9PM,DISTRICT,1247489.27234623,245151.54033509,47.66091233,-122.4279457,6,CW PMD7,,,,QL-D3,05f75cc8-3f70-4aec-8dd3-52fdf973d5ba,System.Byte[],SeattleParks_SeattleCityGIS,1/27/2025 7:37:54 PM,SeattleParks_SeattleCityGIS,1/27/2025 7:37:54 PM,1247489.27232607,245151.540334046
6360,Discovery Park,Discovery Park Main CS,DISCOVERY PARK MAIN RESTROOM,310,2048,RESTROOM-DPMCS,,A,YES,1974,YEAR ROUND,OPEN,,,,,7AM - 7/9PM,DISTRICT,1250726.35804555,246583.17131256,47.66501942,-122.41493178,6,CW PMD7,,,,QL-D3,d4dd03c6-8f0f-4047-931a-d14309ae397d,System.Byte[],SeattleParks_SeattleCityGIS,1/27/2025 7:37:54 PM,SeattleParks_SeattleCityGIS,1/27/2025 7:37:54 PM,1250726.35804348,246583.171329051
6361,Genesee Park and Playfield,Genesee Park CS,GENESEE PARK RESTROOM,409,2088,RESTROOM-GENCS,,A,Yes,1979,YEAR ROUND,CLOSED,SEASON,,,,,,1283794.25516741,209512.2549866,47.56519183,-122.27793138,2,SE PMD2,Second Highest,,,QL-D3,581a6495-898d-4050-82c9-768168b18995,System.Byte[],SeattleParks_SeattleCityGIS,1/27/2025 7:37:54 PM,SeattleParks_SeattleCityGIS,1/27/2025 7:37:54 PM,1283794.25516215,209512.254985467
6362,Genesee Park and Playfield,Genesee PF CS,GENESEE PLAYFIELD RESTROOM,409,2093,RESTROOM-GENPFCS,,A,YES,1979,YEAR ROUND,CLOSED,CAPITAL PROJECT-PLANNED,,,YES,7AM - 7/9PM,DISTRICT,1283427.37990303,208725.51015379,47.56301647,-122.27935728,2,SE PMD2,Second Highest,,,QL-D3,597e4894-296f-428a-b1a8-d37545f18aba,System.Byte[],SeattleParks_SeattleCityGIS,1/27/2025 7:37:54 PM,SeattleParks_SeattleCityGIS,1/27/2025 7:37:54 PM,1283427.37991165,208725.510167882
6363,Meridian Playground,Meridian PG CS,MERIDIAN PLAYGROUND RESTROOM,1104,2218,RESTROOM-MERDPGCS,,A,YES,1910,SEASONAL,CLOSED,SEASON,NOV,,,7AM - 7/9PM,DISTRICT,1271045.90008235,245788.80350374,47.66395702,-122.33242145,4,NE PMD4/5,Lowest,,,QL-D3,0744370e-3c91-4084-9388-18282f08f6a8,System.Byte[],SeattleParks_SeattleCityGIS,1/27/2025 7:37:54 PM,SeattleParks_SeattleCityGIS,1/27/2025 7:37:54 PM,1271045.90008147,245788.803495213
6364,Seacrest Park,Seacrest Park CS,SEACREST PARK RESTROOM,455,2288,RESTROOM-SCCS,,A,YES,1989,YEAR ROUND,OPEN,,,,,PARK HOURS,NONE,1258595.2532856,218812.89979611,47.5893418,-122.38073778,1,SW PMD1,,,,QL-D3,afc2d5cd-156e-43b1-8112-443fcc1ee2b8,System.Byte[],SeattleParks_SeattleCityGIS,1/27/2025 7:37:54 PM,SeattleParks_SeattleCityGIS,1/27/2025 7:37:54 PM,1258595.25339489,218812.899769962
6365,Roxhill Park,Roxhill Park CS,ROXHILL PARK RESTROOM,464,2275,RESTROOM-ROXCS,,A,YES,1970,SEASONAL,CLOSED,SEASON,DEC,,,7AM - 7/9PM,NONE,1260875.43056794,193338.14655404,47.51964222,-122.3694389,1,SW PMD1,Highest Equity Priority,,,QL-D3,d516fe6f-d38a-4ece-8545-00319dcdd211,System.Byte[],SeattleParks_SeattleCityGIS,1/27/2025 7:37:54 PM,SeattleParks_SeattleCityGIS,1/27/2025 7:37:54 PM,1260875.43059306,193338.146585718
6366,Powell Barnett Park,Powell Barnett Park CS,POWELL BARNETT PARK RESTROOM,345,2244,RESTROOM-PBARCS,,A,YES,1971,SEASONAL,CLOSED,SEASON,DEC,,,7AM - 7/9PM,DISTRICT,1279589.23436309,224004.24207343,47.60469665,-122.29607658,,CE PMD3,Second Highest,,,QL-D3,f69a57e8-bc05-4fb8-b874-e7024f2d4511,System.Byte[],SeattleParks_SeattleCityGIS,1/27/2025 7:37:54 PM,SeattleParks_SeattleCityGIS,1/27/2025 7:37:54 PM,1279589.23437272,224004.242077544
6367,,Seward Park Clay Studio CS,SEWARD PARK BATHHOUSE AND RESTROOM,428,1731,RESTROOM-SEWARTCS,,A,YES,1927,SEASONAL,CLOSED,SEASON,NOV,EVENTS / PROGRAMS ONLY,,7AM - 7/9PM,DISTRICT,1288818.33632454,204432.4229814,47.55152461,-122.25720394,2,SE PMD2,,,,QL-D3,4f590053-5c03-4e4c-9d41-8683311d92b0,System.Byte[],SeattleParks_SeattleCityGIS,1/27/2025 7:37:54 PM,SeattleParks_SeattleCityGIS,1/27/2025 7:37:54 PM,1288818.33632131,204432.422953546
6368,,Seward Park Main Entrance CS ,SEWARD PARK MAIN ENTRANCE RESTROOM,428,2294,RESTROOM-SEWMECS,,A,YES,1959,YEAR ROUND,OPEN,,,,,7AM - 7/9PM,DISTRICT,1289026.11507677,203867.90931682,47.54998781,-122.25632042,2,SE PMD2,,,,QL-D3,9f4f9c52-0023-457a-b62c-b75a3031904b,System.Byte[],SeattleParks_SeattleCityGIS,1/27/2025 7:37:54 PM,SeattleParks_SeattleCityGIS,1/27/2025 7:37:54 PM,1289026.11510523,203867.909318805
6369,Seward Park,Seward Park North Point CS,SEWARD PARK NORTH POINT RESTROOM,428,2296,RESTROOM-SEWNPCS,,A,YES,1932,SEASONAL,CLOSED,SEASON,DEC,,,7AM - 7/9PM,DISTRICT,1290282.50989404,208213.32058527,47.56196226,-122.25155795,2,SE PMD2,,,,QL-D3,946344c1-fa8b-4a1e-ad21-68ed2aba438c,System.Byte[],SeattleParks_SeattleCityGIS,1/27/2025 7:37:54 PM,SeattleParks_SeattleCityGIS,1/27/2025 7:37:54 PM,1290282.50990215,208213.320575461
6370,,Seward Park South Beach CS ,SEWARD PARK SOUTH BEACH RESTROOM,428,2601,RESTROOM-SEWSBCS,,A,YES,1932,YEAR ROUND,OPEN,,,,,7AM - 7/9PM,DISTRICT,1290499.34413427,203738.50963669,47.54970764,-122.25034615,2,SE PMD2,,,,QL-D3,99bac05e-e1c2-4a49-90cb-abef7dfd3dc0,System.Byte[],SeattleParks_SeattleCityGIS,1/27/2025 7:37:54 PM,SeattleParks_SeattleCityGIS,1/27/2025 7:37:54 PM,1290499.34411414,203738.509643212
6371,,Seward Park Upper CS,SEWARD PARK UPPER RESTROOM,428,2303,RESTROOM-SEWUCS,,A,YES,1948,SEASONAL,OPEN,,DEC,,,7AM - 7/9PM,DISTRICT,1289400.72493315,204317.59507728,47.55123938,-122.25483738,2,SE PMD2,,,,QL-D3,ebb42cf9-2512-4223-a664-68b3357da8c0,System.Byte[],SeattleParks_SeattleCityGIS,1/27/2025 7:37:54 PM,SeattleParks_SeattleCityGIS,1/27/2025 7:37:54 PM,1289400.7249203,204317.595099211
6372,Madison Park,Madison Park Bathhouse,MADISON PARK BATHHOUSE RESTROOM,369,1072,RESTROOM-MADBH,,A,YES,1919,YEAR ROUND,CLOSED,REPAIR-VANDALISM,,,,7AM - 7/9PM,DISTRICT,1284562.36844818,235368.71178107,47.63610408,-122.27678497,3,CE PMD3,,,1,QL-D3,f607ab62-7d51-414a-b4df-10312c698438,System.Byte[],SeattleParks_SeattleCityGIS,1/27/2025 7:37:54 PM,SeattleParks_SeattleCityGIS,1/27/2025 7:37:54 PM,1284562.36845531,235368.711802632
6373,Discovery Park,Discovery Park North Bluff CS ,DISCOVERY PARK NORTH BLUFF RESTROOM,310,2568,RESTROOM-DPNBLFCS,,DP,NO,1974,YEAR ROUND,CLOSED,OTHER,,,,7AM - 7/9PM,DISTRICT,1249294.81398007,246227.16286419,47.66396283,-122.4207104,6,CW PMD7,,,,QL-D3,37ad7e7d-1fce-43b7-9a31-70f981fe21f7,System.Byte[],SeattleParks_SeattleCityGIS,1/27/2025 7:37:54 PM,SeattleParks_SeattleCityGIS,1/27/2025 7:37:54 PM,1249294.81399056,246227.162854716
6374,Discovery Park,Discovery Park South Bluff CS ,DISCOVERY PARK SOUTH BLUFF RESTROOM,310,2569,RESTROOM-DPSBLFCS,,A,YES,1974,YEAR ROUND,OPEN,,,,,PARK HOURS,NONE,1249792.17718059,242763.79082865,47.65449817,-122.41840294,6,CW PMD7,,,,QL-D3,ccaa865d-2271-481c-865a-d80386fd5eeb,System.Byte[],SeattleParks_SeattleCityGIS,1/27/2025 7:37:54 PM,SeattleParks_SeattleCityGIS,1/27/2025 7:37:54 PM,1249792.17716905,242763.79084447
6375,Dr. Jose Rizal Park,Jose Rizal Park CS,JOSE RIZAL PARK RESTROOM,433,2147,RESTROOM-RIZPKCS,,A,YES,1981,YEAR ROUND,CLOSED,CAPITAL PROJECT-PLANNED,,,NO,7AM - 7/9PM,DISTRICT,1274228.69394161,219840.19202118,47.59300168,-122.31747659,,,Second Highest,,,QL-D3,36b25858-179e-499f-a7ea-d91d82d107e3,System.Byte[],SeattleParks_SeattleCityGIS,1/27/2025 7:37:54 PM,SeattleParks_SeattleCityGIS,1/27/2025 7:37:54 PM,1274228.69391273,219840.192006722
6376,Bitter Lake Playfield,Bitter Lake PF CS,BITTER LAKE PLAYFIELD RESTROOM,288,1997,RESTROOM-BTLKPFCS,,A,YES,1965,SEASONAL,CLOSED,CAPITAL PROJECT-PLANNED,DEC,,YES,7AM - 7/9PM,DISTRICT,1267397.04087861,267630.10560611,47.72362714,-122.34897208,5,,,,,QL-D3,1fa50752-461b-4fae-9a5d-2ba4d6819cb1,System.Byte[],SeattleParks_SeattleCityGIS,1/27/2025 7:37:54 PM,SeattleParks_SeattleCityGIS,1/27/2025 7:37:54 PM,1267397.04090939,267630.105613053
6377,Wallingford Playfield,Wallingford PF SH,WALLINGFORD PLAYFIELD SHELTERHOUSE RESTROOM,449,2337,RESTROOM-WLFPFSH,,A,YES,1971,YEAR ROUND,OPEN,,,,,7AM - 7/9PM,DISTRICT,1269918.7782892,243908.05002981,47.65874167,-122.3368456,4,NE PMD4/5,Second Lowest,,1,QL-D3,83d164f3-3dd5-453b-843d-870d463cce76,System.Byte[],SeattleParks_SeattleCityGIS,1/27/2025 7:37:54 PM,SeattleParks_SeattleCityGIS,1/27/2025 7:37:54 PM,1269918.77831997,243908.050038889
6378,Cowen Park,Cowen Park Shelterhouse,COWEN PARK SHELTER HOUSE RESTROOM,483,2033,RESTROOM-COWCS,,A,YES,1909,SEASONAL,CLOSED,SEASON,NOV,,,7AM - 7/9PM,DISTRICT,1276086.66002351,248723.11486675,47.67226725,-122.31219747,4,NE PMD4/5,Middle,,1,QL-D3,693f2c35-ca94-4f09-8062-1ef11d3480f0,System.Byte[],SeattleParks_SeattleCityGIS,1/27/2025 7:37:54 PM,SeattleParks_SeattleCityGIS,1/27/2025 7:37:54 PM,1276086.66001306,248723.114883795
6379,Woodland Park,Lower Woodland Pk CS City-wide Athletics Office,LOWER WOODLAND PARK RESTROOM,292,1143,RESTROOM-LWLPCS,,A,YES,1930,YEAR ROUND,CLOSED,CAPITAL PROJECT-UNPLANNED,,,,7AM - 7/9PM,DISTRICT,1269022.71844828,246724.94660871,47.66641462,-122.34070483,,,Lowest,,1,QL-D3,09536379-8cad-45c3-af71-c89aeee5ea73,System.Byte[],SeattleParks_SeattleCityGIS,1/27/2025 7:37:54 PM,SeattleParks_SeattleCityGIS,1/27/2025 7:37:54 PM,1269022.71843231,246724.946636051
6380,Woodland Park,Lower Woodland PF Cloverlf SH,LOWER WOODLAND CLOVERLEAF SHELTERHOUSE,292,2193,RESTROOM-LWLPFCSH,,A,YES,1966,SEASONAL,CLOSED,SEASON,DEC,,,7AM - 7/9PM,DISTRICT,1268854.03243211,247509.31249751,47.66855547,-122.34145168,,,Lowest,,,QL-D3,121feb61-a4ed-4413-afb7-4aa8213b3c5c,System.Byte[],SeattleParks_SeattleCityGIS,1/27/2025 7:37:54 PM,SeattleParks_SeattleCityGIS,1/27/2025 7:37:54 PM,1268854.03241798,247509.312521383
6381,Woodland Park,Woodland Park Bowl Clubhouse ,WOODLAND PARK LAWN BOWL RESTROOM,292,1709,RESTROOM-WLBCHCS,,A,YES,1954,SEASONAL,CLOSED,SEASON,NOV,,,7AM - 7/9PM,DISTRICT,1267706.83588693,249170.6268032,47.67304734,-122.34623933,,,Lowest,,,QL-D3,fbff4a81-1351-4324-8911-c0b496525fa0,System.Byte[],SeattleParks_SeattleCityGIS,1/27/2025 7:37:54 PM,SeattleParks_SeattleCityGIS,1/27/2025 7:37:54 PM,1267706.83589348,249170.626784056
6382,Woodland Park,Woodland Park CS #3 (50th St),WOODLAND PARK RESTROOM #3 (50TH ST),292,2353,RESTROOM-WLCCS3,,A,YES,1953,YEAR ROUND,OPEN,,,,,7AM - 7/9PM,DISTRICT,1267977.74641521,246488.91460846,47.66571148,-122.34492614,,,Lowest,,,QL-D3,4590c131-3479-4302-bca6-c1b282d67d45,System.Byte[],SeattleParks_SeattleCityGIS,1/27/2025 7:37:54 PM,SeattleParks_SeattleCityGIS,1/27/2025 7:37:54 PM,1267977.74644089,246488.914627805
6383,Woodland Park,Woodland Park CS #5 (Pink Palace),WOODLAND PARK RESTROOM #5 (PINK PALACE),292,2354,RESTROOM-WLCCS5,,A,YES,1924,YEAR ROUND,OPEN,,,,,7AM - 7/9PM,DISTRICT,1267634.67300686,248344.02539437,47.67077777,-122.34646622,,,Lowest,,,QL-D3,40bd6292-aa5e-4c69-b05f-c807dbd795a7,System.Byte[],SeattleParks_SeattleCityGIS,1/27/2025 7:37:54 PM,SeattleParks_SeattleCityGIS,1/27/2025 7:37:54 PM,1267634.67298006,248344.025418878
6384,Matthews Beach Park,Matthews Beach Bathhouse,MATTHEWS BEACH BATHHOUSE,347,1528,RESTROOM-MTWBBH,,A,YES,1957,YEAR ROUND,OPEN,,,,,7AM - 7/9PM,DISTRICT,1285829.85836948,257332.70098756,47.69637256,-122.27331172,,NE PMD4/5,,,,QL-D3,b7eb21f0-d19d-4a11-920f-5d8922a01afd,System.Byte[],SeattleParks_SeattleCityGIS,1/27/2025 7:37:54 PM,SeattleParks_SeattleCityGIS,1/27/2025 7:37:54 PM,1285829.85837439,257332.701011047
6385,Ballard Commons Park,Ballard Commons PK CS Portland Loo,BALLARD COMMONS PK RESTROOM PORTLAND LOO,497,1913,RESTROOM-BLSKATPK-CS,,A,YES,2018,YEAR ROUND,OPEN,,,,,PARK HOURS,NONE,,,47.6705492,-122.38500169,6,,Second Lowest,,,QL-D3,eee40c72-f9d5-43ac-8ec9-e87b2d75dd7e,System.Byte[],SeattleParks_SeattleCityGIS,1/27/2025 7:37:54 PM,SeattleParks_SeattleCityGIS,1/27/2025 7:37:54 PM,1258140.49708655,248449.713527724
6386,Rainier Beach Playfield,Rainier Beach PF CS,RAINIER BEACH PLAYFIELD RESTROOM (PORTLAND LOO),422,2253,RESTROOM-RBPFCS,,A,YES,2015,YEAR ROUND,OPEN,,,,,7AM - 7/9PM,DISTRICT,1284909.20633654,194755.22578749,47.52479992,-122.2722984,2,SE PMD2,,,,QL-D3,385f3444-c95b-4cf7-acc9-838606d215ac,System.Byte[],SeattleParks_SeattleCityGIS,1/27/2025 7:37:54 PM,SeattleParks_SeattleCityGIS,1/27/2025 7:37:54 PM,1284909.20634431,194755.225772545
6387,Cascade Playground,Cascade PG CS,CASCADE PLAYGROUND RESTROOM,350,2019,RESTROOM-CASPGCS,,A,YES,1939,YEAR ROUND,OPEN,,,,,7AM - 7/9PM,DISTRICT,1270877.71672218,230429.35228801,47.62184829,-122.33189015,,,Second Highest,,,QL-D3,65960c23-a117-4087-b874-ae9e62a74cf1,System.Byte[],SeattleParks_SeattleCityGIS,1/27/2025 7:37:54 PM,SeattleParks_SeattleCityGIS,1/27/2025 7:37:54 PM,1270877.71669081,230429.352258801
6388,South Park Playground,South Park CC,SOUTH PARK COMMUNITY CENTER RESTROOM,467,1176,RESTROOM-SPKCC,,A,YES,1753,YEAR ROUND,CLOSED,CAPITAL PROJECT-PLANNED,,,,PARK HOURS,NONE,,,47.52833176,-122.32405599,1,SW PMD1,Highest Equity Priority,,1,QL-D3,38ec1076-76b8-46fc-81e9-f4692c448ee7,System.Byte[],SeattleParks_SeattleCityGIS,1/27/2025 7:37:54 PM,SeattleParks_SeattleCityGIS,1/27/2025 7:37:54 PM,1272148.61900464,196286.671856627
6389,Delridge Playfield,Delridge CC,DELRIDGE COMMUNITY CENTER,450,1123,RESTROOM-DELCC,,A,YES,1753,YEAR ROUND,OPEN,REPAIR,,,,8AM - 8PM,VENDOR,,,47.56336143,-122.36437788,1,SW PMD1,,,,QL-D3,1f16ac41-2a03-4c73-8a74-853b1cafc887,System.Byte[],SeattleParks_SeattleCityGIS,1/27/2025 7:37:54 PM,SeattleParks_SeattleCityGIS,1/27/2025 7:37:54 PM,1262442.9897939,209257.302739471
6390,Walt Hundley Playfield,Walt Hundley PF (High Point) CS,WALT HUNDLEY PLAYFIELD RESTROOM,3941,2338,RESTROOM-HPPFCS,,A,Yes,1980,SEASONAL,OPEN,NA,,,,,,1260163.9723912,200904.73644978,47.54034285,-122.37293018,1,SW PMD1,Highest Equity Priority,,,QL-D3,56ac8c29-9f98-4a91-9853-60de63b1aca4,System.Byte[],SeattleParks_SeattleCityGIS,1/27/2025 7:37:54 PM,SeattleParks_SeattleCityGIS,1/27/2025 7:37:54 PM,1260163.97237031,200904.736439377
6391,Warren G. Magnuson Park,Magnuson Park Beach CS,MAGNUSON PARK BEACH RESTROOM,398,2202,RESTROOM-MGSBCS,,A,YES,1980,YEAR ROUND,OPEN,,,,,7AM - 7/9PM,DISTRICT,1292220.98240803,251427.07339752,47.68050999,-122.24692275,4,NE PMD4/5,,,,QL-D3,320f7ae0-c39e-46df-b1ed-f6473137c3e4,System.Byte[],SeattleParks_SeattleCityGIS,1/27/2025 7:37:54 PM,SeattleParks_SeattleCityGIS,1/27/2025 7:37:54 PM,1292220.98240314,251427.073386639
6392,Warren G. Magnuson Park,,MAGNUSON PARK GATEHOUSE RESTROOM,398,2638,RESTROOM-MGSPKGHCS,,A,NO,1942,YEAR ROUND,OPEN,,,METRO TRANSIT ONLY,,PARK HOURS,NONE,,,47.68188316,-122.2633275,4,NE PMD4/5,,,,QL-D3,15b92eb6-7b46-48a0-84eb-f0a4978d2430,System.Byte[],SeattleParks_SeattleCityGIS,1/27/2025 7:37:54 PM,SeattleParks_SeattleCityGIS,1/27/2025 7:37:54 PM,1288189.93075398,252002.528272465
6393,Ravenna Park,Ravenna Park Upper CS,RAVENNA PARK UPPER RESTROOM,391,2264,RESTROOM-RAVUCS,,A,YES,1926,SEASONAL,OPEN,SEASON,NOV,,,7AM - 7/9PM,DISTRICT,1277705.48844117,248421.74801844,47.67152629,-122.30560463,4,NE PMD4/5,Middle,,,QL-D3,bc3ca048-2ff7-411a-8d6b-32224359d26c,System.Byte[],SeattleParks_SeattleCityGIS,1/27/2025 7:37:54 PM,SeattleParks_SeattleCityGIS,1/27/2025 7:37:54 PM,1277705.4884683,248421.748032466
6394,Licton Springs Park,Licton Springs Park SH,LICTON SPRINGS PARK SHELTERHOUSE,286,2176,RESTROOM-LICSSH,,A,YES,1975,SEASONAL,CLOSED,SEASON,NOV,,,7AM - 7/9PM,DISTRICT,1269631.7854569,258522.07065278,47.69878273,-122.33917024,5,NE PMD4/5,Highest Equity Priority,,,QL-D3,43e02f7c-099a-4934-ae1f-9fc18b8de86d,System.Byte[],SeattleParks_SeattleCityGIS,1/27/2025 7:37:54 PM,SeattleParks_SeattleCityGIS,1/27/2025 7:37:54 PM,1269631.78545564,258522.070679545
6395,,Burke-Gilman Park CS,PATHWAYS PARK RESTROOM,496,1083,RESTROOM-BGPCS,,A,YES,1986,SEASONAL,CLOSED,SEASON,NOV,,YES,7AM - 7/9PM,DISTRICT,1283725.29235134,246800.89432079,47.66739662,-122.28105187,4,NE PMD4/5,Lowest,,,QL-D3,f540b74d-7c18-4283-b5e6-4985a6213c9e,System.Byte[],SeattleParks_SeattleCityGIS,1/27/2025 7:37:54 PM,SeattleParks_SeattleCityGIS,1/27/2025 7:37:54 PM,1283725.29237355,246800.894318804
6396,Dahl (Waldo J.) Playfield,Dahl PF SH,DAHL PLAYFIELD SHELTERHOUSE RESTROOM,499,2034,RESTROOM-DAHLPFSH,,A,YES,1959,YEAR ROUND,CLOSED,CAPITAL PROJECT-UNPLANNED,,,YES,7AM - 7/9PM,DISTRICT,1279296.9977548,253136.68709527,47.68453316,-122.29951072,4,NE PMD4/5,Lowest,,1,QL-D3,986c4318-8e66-438a-823c-dc63c6bb043c,System.Byte[],SeattleParks_SeattleCityGIS,1/27/2025 7:37:54 PM,SeattleParks_SeattleCityGIS,1/27/2025 7:37:54 PM,1279296.99775247,253136.687093377
6397,Van Asselt Playground,Van Asselt CC,VAN ASSELT COMMUNITY CENTER RESTROOM,431,1181,RESTROOM-VACC,,A,YES,1753,SEASONAL,OPEN,SEASON,NOV,,,9AM - 6/8 PM,DISTRICT,1279230.22578673,200138.704769,47.5392626,-122.29569338,,,,,1,QL-D3,1c476dfc-49ef-41c9-a353-87fd86d5db88,System.Byte[],SeattleParks_SeattleCityGIS,1/27/2025 7:37:54 PM,SeattleParks_SeattleCityGIS,1/27/2025 7:37:54 PM,1279230.22590439,200138.704834968
6398,Pritchard Island Beach,"PRITCHARD ISLAND BEACH BATHHOUSE
",PRITCHARD ISLAND BEACH BATHHOUSE,420,2246,RESTROOM-PIBBH,,A,YES,1995,SEASONAL,CLOSED,SEASON,NOV,EVENTS / PROGRAMS ONLY,,7AM - 7/9PM,DISTRICT,,,47.52979384,-122.26358456,2,SE PMD2,Highest Equity Priority,,,QL-D3,88f9fd6b-1c1f-411a-9390-7a3ae72e62c4,System.Byte[],SeattleParks_SeattleCityGIS,1/27/2025 7:37:54 PM,SeattleParks_SeattleCityGIS,1/27/2025 7:37:54 PM,1287095.6334019,196536.384283721
6399,View Ridge Playfield,Viewridge PF SH,VIEW RIDGE PLAYFIELD SHELTERHOUSE RESTROOM,444,2329,RESTROOM-VRPFSH,,A,YES,1960,YEAR ROUND,OPEN,,,,YES,7AM - 7/9PM,DISTRICT,1283870.95417549,251298.98635739,47.6797334,-122.28080415,4,NE PMD4/5,Second Lowest,,,QL-D3,5ba1dc1e-3202-4751-ac6e-66ed4f327c65,System.Byte[],SeattleParks_SeattleCityGIS,1/27/2025 7:37:54 PM,SeattleParks_SeattleCityGIS,1/27/2025 7:37:54 PM,1283870.95415573,251298.986372471
6400,,Blanch Lavizzo (DR) Park CS,BLANCHE LAVIZZO (DR) PARK RESTROOM,395,2571,RESTROOM-LAVCS,,A,YES,1977,YEAR ROUND,CLOSED,REPAIR-VANDALISM,,,,,NONE,1277515.50719297,222688.93205608,47.60098304,-122.30437922,,CE PMD3,Highest Equity Priority,,,QL-D3,ca6ef52b-b965-435d-b034-946880f8d1e7,System.Byte[],SeattleParks_SeattleCityGIS,1/27/2025 7:37:54 PM,SeattleParks_SeattleCityGIS,1/27/2025 7:37:54 PM,1277515.50722098,222688.932044134
6401,University Playground,University PG CS,UNIVERSITY PLAYGROUND RESTROOM,435,2322,RESTROOM-UPGCS,,A,YES,1951,YEAR ROUND,CLOSED,CAPITAL PROJECT-PLANNED,,,YES,PARK HOURS,NONE,1274179.55294956,245905.44107187,47.66444335,-122.31971587,4,NE PMD4/5,Second Highest,,,QL-D3,7e7ff518-4c5c-4ecd-9432-367959cb033b,System.Byte[],SeattleParks_SeattleCityGIS,1/27/2025 7:37:54 PM,SeattleParks_SeattleCityGIS,1/27/2025 7:37:54 PM,1274179.5529349,245905.44105722
6402,Ravenna Park,Ravenna Park Lower SH ,RAVENNA PARK LOWER SHELTERHOUSE RESTROOM,391,2262,RESTROOM-RAVLSH,,A,YES,1932,YEAR ROUND,OPEN,REPAIR-VANDALISM,,,NO,7AM - 7/9PM,DISTRICT,1278350.69093783,247568.07844956,47.66922021,-122.30292018,4,NE PMD4/5,Middle,,1,QL-D3,37b09e37-f09a-4cb5-90fe-b73ed3aa0aa2,System.Byte[],SeattleParks_SeattleCityGIS,1/27/2025 7:37:54 PM,SeattleParks_SeattleCityGIS,1/27/2025 7:37:54 PM,1278350.69091806,247568.078479961
6403,Leschi Park,"LESCHI PARK COMFORT STATION
",LESCHI PARK RESTROOM,367,2175,RESTROOM-LSPKCS,,A,YES,1929,SEASONAL,OPEN,,DEC,,,7AM - 7/9PM,DISTRICT,1281757.17522931,222585.05986399,47.60091929,-122.28718148,,CE PMD3,,,,QL-D3,c69902b5-df71-4b7f-85e1-7484ce86091a,System.Byte[],SeattleParks_SeattleCityGIS,1/27/2025 7:37:54 PM,SeattleParks_SeattleCityGIS,1/27/2025 7:37:54 PM,1281757.1752468,222585.059876546
6404,North Leschi Moorage,LESCHI MOORAGE CS,LESCHI MOORAGE RESTROOM,367,2174,RESTROOM-LSMRCS,,A,NO,1961,SEASONAL,CLOSED,SEASON,DEC,,,,NONE,,,47.60444338,-122.28319183,,CE PMD3,,,,QL-D3,aad925d2-cfb8-4351-a95e-a08c15885cb7,System.Byte[],SeattleParks_SeattleCityGIS,1/27/2025 7:37:54 PM,SeattleParks_SeattleCityGIS,1/27/2025 7:37:54 PM,1282765.50853197,223851.726634547
6405,Judkins Park and Playfield,Judkins Park & PF Lower CS,JUDKINS PARK AND PLAYFIELD LOWER RESTROOM,397,2150,RESTROOM-JKLCS,,A,Yes,1976,SEASONAL,OPEN,OTHER,,,,,,1277649.77202511,219634.26952496,47.59261727,-122.30359856,,SC PMD2,,,,QL-D3,783697e5-6a8b-4aec-b59c-3350a6db7bea,System.Byte[],SeattleParks_SeattleCityGIS,1/27/2025 7:37:54 PM,SeattleParks_SeattleCityGIS,1/27/2025 7:37:54 PM,1277649.77204432,219634.269518301
6406,Judkins Park and Playfield,Judkins Park & PF Upper SH ,JUDKINS PARK AND PLAYFIELD UPPER SHELTER RESTROOM,397,2152,RESTROOM-JKPKS,,DP,YES,1976,SEASONAL,CLOSED,SEASON,DEC,,YES,7AM - 7/9PM,DISTRICT,1277463.21304892,220348.7241177,47.59456581,-122.30440983,,SC PMD2,,,1,QL-D3,351a9bc0-5971-49ca-9a69-a409ac7576ef,System.Byte[],SeattleParks_SeattleCityGIS,1/27/2025 7:37:54 PM,SeattleParks_SeattleCityGIS,1/27/2025 7:37:54 PM,1277463.21303423,220348.72412613
6407,Highland Park Playground,Highland Park PG SH,HIGHLAND PARK PLAYGROUND SHELTERHOUSE RESTROOM,457,2120,RESTROOM-HLPGSH,,A,YES,1938,SEASONAL,OPEN,,DEC,,,7AM - 7/9PM,DISTRICT,1265895.11806108,195973.18169273,47.5271376,-122.34933823,1,SW PMD1,Highest Equity Priority,,1,QL-D3,d833336c-7653-4df6-bd8c-7ae2582f5d6a,System.Byte[],SeattleParks_SeattleCityGIS,1/27/2025 7:37:54 PM,SeattleParks_SeattleCityGIS,1/27/2025 7:37:54 PM,1265895.11806023,195973.181669965
6408,Westcrest Park,Westcrest Park CS S,WESTCREST PARK SOUTH RESTROOM,468,2348,RESTROOM-WCPKCS,,DP,NO,1977,SEASONAL,CLOSED,SEASON,DEC,,,PARK HOURS,NONE,1267241.09111846,194102.08633082,47.52208155,-122.34374271,1,SW PMD1,Highest Equity Priority,,,QL-D3,5cc640dd-514b-4399-a602-aed5365bd9be,System.Byte[],SeattleParks_SeattleCityGIS,1/27/2025 7:37:54 PM,SeattleParks_SeattleCityGIS,1/27/2025 7:37:54 PM,1267241.09109005,194102.086330801
6409,Westcrest Park,Westcrest Park CS N,WESTCREST PARK NORTH RESTROOM,468,2698,RESTROOM-WCPKCSN,,A,YES,1977,YEAR ROUND,CLOSED,REPAIR-VANDALISM,,,,7AM - 7/9PM,NONE,1266976.83319817,195211.63538796,47.52510856,-122.3449002,1,SW PMD1,Highest Equity Priority,,,QL-D3,5930c4dc-3043-45e2-ba6d-12bff5c4fa6c,System.Byte[],SeattleParks_SeattleCityGIS,1/27/2025 7:37:54 PM,SeattleParks_SeattleCityGIS,1/27/2025 7:37:54 PM,1266976.8330884,195211.635292798
6410,Georgetown Playfield,Georgetown PF SH,GEORGETOWN PLAYFIELD RESTROOM,410,2094,RESTROOM-GTPFCS,,A,YES,1927,YEAR ROUND,CLOSED,REPAIR-VANDALISM,,,,7AM - 7/9PM,VENDOR,1272814.69611616,204619.93798959,47.5512084,-122.32201288,1,,,,,QL-D3,39f52976-373e-46d5-a835-2b62ffb513f8,System.Byte[],SeattleParks_SeattleCityGIS,1/27/2025 7:37:54 PM,SeattleParks_SeattleCityGIS,1/27/2025 7:37:54 PM,1272814.69608456,204619.937998474
6411,,Alki PG CS,ALKI PLAYGROUND RESTROOM,446,1969,RESTROOM-ALKIPGCS,,A,YES,1923,SEASONAL,CLOSED,SEASON,DEC,,,7AM - 7/9PM,VENDOR,1251954.6265908,215195.96904041,47.57905888,-122.40734299,1,SW PMD1,,,,QL-D3,806f1660-6e74-462f-bdd7-f914314b08a1,System.Byte[],SeattleParks_SeattleCityGIS,1/27/2025 7:37:54 PM,SeattleParks_SeattleCityGIS,1/27/2025 7:37:54 PM,1251954.62658431,215195.969011724
6412,E.C. Hughes Playground,E. C. Hughes PG SH,E C HUGHES PLAYGROUND SHELTERHOUSE RESTROOM,458,2578,RESTROOM-ECHPGSH,,A,YES,1950,YEAR ROUND,OPEN,,,,NO,7AM - 7/9PM,DISTRICT,1260969.13252003,198346.12543917,47.53337395,-122.36946429,1,SW PMD1,Middle,,,QL-D3,57f912e7-30eb-4408-a53c-ea51b6d8b182,System.Byte[],SeattleParks_SeattleCityGIS,1/27/2025 7:37:54 PM,SeattleParks_SeattleCityGIS,1/27/2025 7:37:54 PM,1260969.13250539,198346.125414878
6413,Alki Beach Park,Alki Beach 57th Ave SW CS,ALKI BEACH 57TH AVE SW RESTROOM,445,0.0000,RESTROOM-AB57CS,,A,YES,1963,YEAR ROUND,OPEN,,,,,PARK HOURS,NONE,1252406.54499125,215995.86996923,47.58127666,-122.40557857,1,SW PMD1,,,,QL-D3,bafe90a1-41c9-461c-9c00-ef81b65117a2,System.Byte[],SeattleParks_SeattleCityGIS,1/27/2025 7:37:54 PM,SeattleParks_SeattleCityGIS,1/27/2025 7:37:54 PM,1252406.54497181,215995.869970962
6414,Alki Beach Park,Alki Beach 63rd Ave SW CS,ALKI BEACH 63RD AVE SW RESTROOM,445,2551,RESTROOM-AB63CS,,A,YES,1987,YEAR ROUND,OPEN,,,,,PARK HOURS,NONE,1250546.04636535,215051.06542426,47.57858259,-122.41303676,1,SW PMD1,,,,QL-D3,8933eb66-2852-480d-9751-26edc657387d,System.Byte[],SeattleParks_SeattleCityGIS,1/27/2025 7:37:54 PM,SeattleParks_SeattleCityGIS,1/27/2025 7:37:54 PM,1250546.04639623,215051.065430135
6415,Alki Beach Park,Alki Beach Bathhouse,ALKI BEACH BATHHOUSE RESTROOM,445,1887,RESTROOM-ABBH,,A,YES,1955,YEAR ROUND,OPEN,,,,,PARK HOURS,NONE,1251395.74550223,215439.42785667,47.57969482,-122.40962709,1,SW PMD1,,,1,QL-D3,01bb849a-7be7-465a-9798-2b0da5f5fb86,System.Byte[],SeattleParks_SeattleCityGIS,1/27/2025 7:37:54 PM,SeattleParks_SeattleCityGIS,1/27/2025 7:37:54 PM,1251395.74548423,215439.427842379
6416,Atlantic City Boat Ramp,Atlantic City Boat Ramp CS,ATLANTIC CITY BOAT RAMP RESTROOM,4081,1978,RESTROOM-ATLCBRCS,,A,YES,1974,YEAR ROUND,OPEN,NA,,,YES,7AM - 7/9PM,VENDOR,1287133.84819482,194203.08613892,47.52340017,-122.26325442,2,SE PMD2,Highest Equity Priority,,,QL-D3,ebe4601a-fc2c-4a18-9a9e-375aa47abd62,System.Byte[],SeattleParks_SeattleCityGIS,1/27/2025 7:37:54 PM,SeattleParks_SeattleCityGIS,1/27/2025 7:37:54 PM,1287133.84822048,194203.086128801
6417,Washington Park,Washington Park SH,WASHINGTON PARK SHELTERHOUSE RESTROOME,4486,2339,RESTROOM-WASH,,A,YES,1930,YEAR ROUND,OPEN,,,,,7AM - 7/9PM,DISTRICT,1280298.39801182,232266.8495699,47.62738134,-122.29383803,3,CE PMD3,,,1,QL-D3,bb6ab785-3efc-4881-9444-299399c79670,System.Byte[],SeattleParks_SeattleCityGIS,1/27/2025 7:37:54 PM,SeattleParks_SeattleCityGIS,1/27/2025 7:37:54 PM,1280298.39798065,232266.849568054
6418,Laurelhurst Playfield,Laurelhurst CC,LAURELHURST RECREATION CENTER RESTROOM,340,1052,RESTROOM-LAURRC,,A,YES,1753,YEAR ROUND,CLOSED,CAPITAL PROJECT-PLANNED,,,YES,7AM - 7/9PM,DISTRICT,,,47.65907637,-122.27786672,4,NE PMD4/5,,,1,QL-D3,357d5bcb-deba-459c-ba79-3935e5f0761d,System.Byte[],SeattleParks_SeattleCityGIS,1/27/2025 7:37:54 PM,SeattleParks_SeattleCityGIS,1/27/2025 7:37:54 PM,1284452.99728298,243751.738343641
6419,Cal Anderson Park,Cal Anderson Park CS,CAL ANDERSON PARK RESTROOM,3102,2010,RESTROOM-CALANDCS,,A,YES,2003,YEAR ROUND,OPEN,,,,,7AM - 7/9PM,DISTRICT,1273977.08414935,228411.39042994,47.61648185,-122.31916673,3,CE PMD3,Second Lowest,,,QL-D3,a78e65c6-543c-4d5b-b1cd-80b2d0bcc2e1,System.Byte[],SeattleParks_SeattleCityGIS,1/27/2025 7:37:54 PM,SeattleParks_SeattleCityGIS,1/27/2025 7:37:54 PM,1273977.08417973,228411.39041546
6420,Northacres Park,Northacres Park PF CS,NORTHACRES PLAYFIELD RESTROOM,361,2234,RESTROOM-NACPFCS,,A,YES,1970,YEAR ROUND,OPEN,,,,,7AM - 7/9PM,DISTRICT,1272994.46866034,266432.75859688,47.72064519,-122.32614022,5,NE PMD4/5,Second Highest,,,QL-D3,c47fb342-7133-48dd-baa6-49fe8d5845a6,System.Byte[],SeattleParks_SeattleCityGIS,1/27/2025 7:37:54 PM,SeattleParks_SeattleCityGIS,1/27/2025 7:37:54 PM,1272994.46869089,266432.758598298
6421,Ballard Playground,Ballard Community Center,BALLARD COMMUNITY CENTER RESTROOM,497,1051,RESTROOM-BLCC,,A,YES,1989,SEASONAL,CLOSED,SEASON,DEC,,,7AM - 7/9PM,DISTRICT,,,47.67282547,-122.3922133,6,NW PMD6,,,,QL-D3,cb6eac02-15b4-4b15-8ded-4870c5248d91,System.Byte[],SeattleParks_SeattleCityGIS,1/27/2025 7:37:54 PM,SeattleParks_SeattleCityGIS,1/27/2025 7:37:54 PM,1256380.87101264,249315.753790379
6422,Golden Gardens Park,Golden Gardens Bathhouse,GOLDEN GARDENS BATHHOUSE,243,1360,RESTROOM-GGBH,,A,YES,1929,YEAR ROUND,OPEN,,,,,7AM - 7/9PM,DISTRICT,1253622.01532851,256285.57778649,47.6917754,-122.40398631,6,NW PMD6,,,,QL-D3,adb4115e-3727-41b8-8035-8cfad2381a6d,System.Byte[],SeattleParks_SeattleCityGIS,1/27/2025 7:37:54 PM,SeattleParks_SeattleCityGIS,1/27/2025 7:37:54 PM,1253622.0153099,256285.577777222
6423,Golden Gardens Park,Golden Gardens Upper CS ,GOLDEN GARDENS UPPER RESTROOM,243,2099,RESTROOM-GGUCS,,A,YES,1948,YEAR ROUND,OPEN,,,,,7AM - 7/9PM,DISTRICT,1254493.7271374,255735.06277792,47.6903152,-122.40040202,6,NW PMD6,Lowest,,,QL-D3,b3415a63-b44b-424c-95e3-5b87fd4592a0,System.Byte[],SeattleParks_SeattleCityGIS,1/27/2025 7:37:54 PM,SeattleParks_SeattleCityGIS,1/27/2025 7:37:54 PM,1254493.72714914,255735.062802136
6424,West Queen Anne Playfield,Queen Anne CC,QUEEN ANNE COMMUNITY CENTER RESTROOM,330,1159,RESTROOM-QACC,,NO,Yes,1753,,,,,,,,,,,47.63613652,-122.35894944,,CW PMD7,Lowest,,1,QL-D3,346d029c-fa8b-433b-8b8f-28b79b405499,System.Byte[],SeattleParks_SeattleCityGIS,1/27/2025 7:37:54 PM,SeattleParks_SeattleCityGIS,1/27/2025 7:37:54 PM,1264309.17044473,235771.290065721
6425,Don Armeni Boat Ramp,Armeni Boat Ramp CS,ARMENI BOAT RAMP RESTROOM,3917,1977,RESTROOM-ARMBRCS,,A,YES,1968,YEAR ROUND,OPEN,,,,,PARK HOURS,NONE,1258279.28259727,219947.67342928,47.59243472,-122.38211051,1,SW PMD1,,,,QL-D3,8a130bf6-cf7b-486b-8e05-55014fcdcbd7,System.Byte[],SeattleParks_SeattleCityGIS,1/27/2025 7:37:54 PM,SeattleParks_SeattleCityGIS,1/27/2025 7:37:54 PM,1258279.28257014,219947.673419043
6426,,West Seattle Stadium North Stands,WEST SEATTLE STADIUM NORTH STANDS,472,2611,RESTROOM-WSSTNS,,A,YES,1753,YEAR ROUND,LIMITED USE,SEASON,,EVENTS / PROGRAMS ONLY,,PARK HOURS,NONE,,,47.56345031,-122.37405784,1,SW PMD1,,,,QL-D3,a9f7488d-242d-4fa4-8898-7099e35f880a,System.Byte[],SeattleParks_SeattleCityGIS,1/27/2025 7:37:54 PM,SeattleParks_SeattleCityGIS,1/27/2025 7:37:54 PM,1260054.23669739,209337.410846964
6427,,West Seattle Stadium South Stands,WEST SEATTLE STADIUM SOUTH STANDS,472,2612,RESTROOM-WSSTSS,,A,YES,1753,YEAR ROUND,OPEN,,,,,PARK HOURS,NONE,,,47.56261992,-122.37404661,1,SW PMD1,,,,QL-D3,06bcef9a-7c06-4c6c-9951-7d7f6feca446,System.Byte[],SeattleParks_SeattleCityGIS,1/27/2025 7:37:54 PM,SeattleParks_SeattleCityGIS,1/27/2025 7:37:54 PM,1260050.94438115,209034.519720465
6428,Montlake Playfield,Montlake CC Tudor Bldg CS,MONTLAKE COMMUNITY CENTER TUDOR BUILDING,376,2227,RESTROOM-MTTUDCS,,A,YES,1933,YEAR ROUND,CLOSED,CAPITAL PROJECT-PLANNED,,,,7AM - 7/9PM,DISTRICT,1276495.47839193,237430.46883918,47.64133584,-122.30965918,3,CE PMD3,Lowest,,,QL-D3,0a12f9f3-3af0-4167-90aa-4f38507bd717,System.Byte[],SeattleParks_SeattleCityGIS,1/27/2025 7:37:54 PM,SeattleParks_SeattleCityGIS,1/27/2025 7:37:54 PM,1276495.47842114,237430.468833968
6429,Kinnear Park,Kinnear Park Obs Deck CS,KINNEAR PARK OBSERVATION DECK RESTROOM,314,2155,RESTROOM-KINODCS,,A,Yes,1929,SEASONAL,CLOSED,SEASON,NOV,,,,,1262235.37572132,232740.81974638,47.62763208,-122.36706949,7,CW PMD7,,,,QL-D3,28100e7c-d6b0-4f19-a7d4-b74d36e761b7,System.Byte[],SeattleParks_SeattleCityGIS,1/27/2025 7:37:54 PM,SeattleParks_SeattleCityGIS,1/27/2025 7:37:54 PM,1262245.79235364,232709.56981121
6430,Washington Park and Arboretum,Donald Graham Visitor Center ,DONALD G GRAHAM VISITORS CENTER,393,2489,RESTROOM-GRAHVC,,A,YES,1753,YEAR ROUND,OPEN,,,,,9AM - 5PM,DISTRICT,1280251.96959578,236799.98647054,47.63980422,-122.29437528,3,CE PMD3,,,,QL-D3,afcb4299-9c96-41d6-aeac-08740c4271c9,System.Byte[],SeattleParks_SeattleCityGIS,1/27/2025 7:37:54 PM,SeattleParks_SeattleCityGIS,1/27/2025 7:37:54 PM,1280251.9695958,236799.986499131
6431,Brighton Playfield,Brighton PF SH,BRIGHTON PLAYFIELD RESTROOM,402,2003,RESTROOM-BGTPFSH,,A,YES,1932,YEAR ROUND,CLOSED,REPAIR-VANDALISM,,,,8AM - 9PM,DISTRICT,1282483.15180606,203379.43360432,47.54831415,-122.28277327,2,SE PMD2,Highest Equity Priority,,1,QL-D3,da0970c5-f829-4ab0-8aa7-481f4a154c80,System.Byte[],SeattleParks_SeattleCityGIS,1/27/2025 7:37:54 PM,SeattleParks_SeattleCityGIS,1/27/2025 7:37:54 PM,1282483.15181322,203379.433589712
6432,Rainier Playfield,Rainier PF CS,RAINIER PLAYFIELD RESTROOM,423,2256,RESTROOM-RAPFCS,,A,YES,1928,YEAR ROUND,OPEN,,,,,7AM - 7/9PM,DISTRICT,1281766.84946933,208477.98932153,47.56225228,-122.28606292,2,SE PMD2,,,,QL-D3,39ff5f18-6ed2-4689-88bd-e9c231dc8e79,System.Byte[],SeattleParks_SeattleCityGIS,1/27/2025 7:37:54 PM,SeattleParks_SeattleCityGIS,1/27/2025 7:37:54 PM,1281766.84944005,208477.989337474
6433,,Mt Baker Bath House,MT BAKER BEACH BATHHOUSE RESTROOM,419,2592,RESTROOM-MTBBBH,,A,YES,1948,YEAR ROUND,OPEN,,,,,7AM - 7/9PM,DISTRICT,,,47.58308726,-122.28734044,2,SC PMD2,,,1,QL-D3,0b0cfafb-2823-4162-955c-f2d0f87b5d88,System.Byte[],SeattleParks_SeattleCityGIS,1/27/2025 7:37:54 PM,SeattleParks_SeattleCityGIS,1/27/2025 7:37:54 PM,1281595.07714581,216082.460677058
6434,Magnolia Park,Magnolia Park CS,MAGNOLIA PARK RESTROOM,317,2199,RESTROOM-MGLCS,,A,YES,1927,YEAR ROUND,OPEN,,,,,7AM - 7/9PM,DISTRICT,1254788.9112657,234959.36547665,47.63338718,-122.39748932,,CW PMD7,,,,QL-D3,a9d2ad3e-bb49-4156-bc59-856aca28ea26,System.Byte[],SeattleParks_SeattleCityGIS,1/27/2025 7:37:54 PM,SeattleParks_SeattleCityGIS,1/27/2025 7:37:54 PM,1254788.91127007,234959.365508467
6435,Loyal Heights Playfield,Loyal Heights CC,LOYAL HEIGHTS COMMUNITY CENTER RESTROOM,289,1144,RESTROOM-LOYLCC,,A,YES,1753,YEAR ROUND,OPEN,,,,,7AM - 7/9PM,DISTRICT,,,47.68454648,-122.38266457,6,NW PMD6,Lowest,,1,QL-D3,974fec1e-5b7f-40b5-9eb4-a18eb3432647,System.Byte[],SeattleParks_SeattleCityGIS,1/27/2025 7:37:54 PM,SeattleParks_SeattleCityGIS,1/27/2025 7:37:54 PM,1258818.98490281,253542.806359887
6436,Salmon Bay Park,Salmon Bay Park CS,SALMON BAY PARK RESTROOM,249,2279,RESTROOM-SBCS,,A,YES,1954,SEASONAL,CLOSED,SEASON,DEC,,,7AM - 7/9PM,DISTRICT,1258913.66256593,251791.77835789,47.67975226,-122.38213721,6,NW PMD6,Second Lowest,,,QL-D3,807f3229-1f9c-41f6-91cd-f93de15c9c09,System.Byte[],SeattleParks_SeattleCityGIS,1/27/2025 7:37:54 PM,SeattleParks_SeattleCityGIS,1/27/2025 7:37:54 PM,1258913.66253498,251791.77836588
6437,Riverview Playfield,Riverview PF CS,RIVERVIEW PLAYFIELD RESTROOM,463,2270,RESTROOM-RVPFCS,,A,YES,1968,SEASONAL,CLOSED,SEASON,NOV,,,7AM - 7/9PM,NONE,1265820.007661,199677.86617653,47.53728794,-122.34993767,1,SW PMD1,,,,QL-D3,6949b90d-8cca-4d85-86ca-86c55270f78d,System.Byte[],SeattleParks_SeattleCityGIS,1/27/2025 7:37:54 PM,SeattleParks_SeattleCityGIS,1/27/2025 7:37:54 PM,1265820.00764614,199677.866189718
6438,Bayview Playground,Bayview PG CS,BAYVIEW PLAYGROUND RESTROOM,303,1984,RESTROOM-BVPGCS,,A,YES,1957,SEASONAL,CLOSED,SEASON,NOV,,,7AM - 7/9PM,DISTRICT,1257353.79491633,238690.30557647,47.64375585,-122.38739421,,CW PMD7,,,,QL-D3,7c74235f-e45a-4a00-92f1-c4f251893e18,System.Byte[],SeattleParks_SeattleCityGIS,1/27/2025 7:37:54 PM,SeattleParks_SeattleCityGIS,1/27/2025 7:37:54 PM,1257353.7949198,238690.305553138
6439,,Green Lake Pk Bathhouse Theater,GREEN LAKE BATHHOUSE THEATER BATHHOUSE RESTROOM,307,1090,RESTROOM-BHTHCS,,A,YES,1927,YEAR ROUND,OPEN,,,,,7AM - 7/9PM,DISTRICT,1269354.39524862,252447.20127057,47.68211689,-122.33981359,,,Lowest,,1,QL-D3,ecfab0d5-1cf1-4d48-bbc2-f8a999f5b51d,System.Byte[],SeattleParks_SeattleCityGIS,1/27/2025 7:37:54 PM,SeattleParks_SeattleCityGIS,1/27/2025 7:37:54 PM,1269354.39526239,252447.20126763
6440,Lake Union Park,Northwest Native Canoe Center RR,NW NATIVE CARVING CENTER RESTROOM,344,1460,RESTROOM-NWNCC,,N,NO,2024,SEASONAL,CLOSED,CAPITAL PROJECT-PLANNED,,,,PARK HOURS,DISTRICT,,,47.6265672,-122.3369,,CE PMD3,,,,QL-D3,4c2b5c28-ca9e-425d-bbdf-018e9919a739,System.Byte[],SeattleParks_SeattleCityGIS,1/27/2025 7:37:54 PM,SeattleParks_SeattleCityGIS,1/27/2025 7:37:54 PM,1269676.08982898,232174.415697798
6441,Interbay Athletic Field,Interbay PF SH,INTERBAY PLAYFIELD SHELTERHOUSE RESTROOM,3887,2125,RESTROOM-IBPFSH,,A,Yes,1997,YEAR ROUND,OPEN,NA,,,,,,1259425.84919044,239919.22666574,47.64723864,-122.37909042,,CW PMD7,Middle,,1,QL-D3,160f67c7-29f7-4948-ae7b-a38f09016986,System.Byte[],SeattleParks_SeattleCityGIS,1/27/2025 7:37:54 PM,SeattleParks_SeattleCityGIS,1/27/2025 7:37:54 PM,1259425.84917465,239919.226651713
6442,Northacres Park,Northacres Park Wading Pool CS ,NORTHACRES WADING POOL RESTROOM,361,2420,RESTROOM-NACWPCS,,A,YES,1973,SEASONAL,CLOSED,SEASON,NOV,,,7AM - 7/9PM,DISTRICT,1272510.10846785,266908.90067737,47.72192451,-122.32814521,5,NE PMD4/5,Second Highest,,,QL-D3,78434818-8c5e-4ea0-bc0a-05582f378d5c,System.Byte[],SeattleParks_SeattleCityGIS,1/27/2025 7:37:54 PM,SeattleParks_SeattleCityGIS,1/27/2025 7:37:54 PM,1272510.10843915,266908.90069063
6443,Ross Playground,Ross PG CS,ROSS PLAYGROUND SHELTERHOUSE RESTROOM,248,2274,RESTROOM-ROSPGSH,,A,YES,1971,SEASONAL,CLOSED,SEASON,NOV,,,7AM - 7/9PM,DISTRICT,,,47.66033912,-122.36159244,6,,Lowest,,1,QL-D3,311b606e-e0ad-4b13-8389-59e2ea5ce957,System.Byte[],SeattleParks_SeattleCityGIS,1/27/2025 7:37:54 PM,SeattleParks_SeattleCityGIS,1/27/2025 7:37:54 PM,1263832.98898239,244610.751389384
6444,Rogers Playground,Rogers PG CS,ROGERS PLAYGROUND RESTROOM,380,2273,RESTROOM-ROGPGCS,,A,YES,1965,SEASONAL,OPEN,,NOV,,,7AM - 7/9PM,DISTRICT,1272705.72747605,238091.50199185,47.64294738,-122.32508127,3,CE PMD3,,,,QL-D3,728befb1-7497-4f08-b97b-bdd5ea515844,System.Byte[],SeattleParks_SeattleCityGIS,1/27/2025 7:37:54 PM,SeattleParks_SeattleCityGIS,1/27/2025 7:37:54 PM,1272705.72747047,238091.50196071
6445,,Green Lake Park 65th St CS,GREEN LAKE PARK 65TH ST RESTROOM,307,2583,RESTROOM-GLK65CS,,A,YES,1965,YEAR ROUND,OPEN,,,,,PARK HOURS,NONE,1270851.12293015,250032.85502809,47.67557941,-122.33354749,,,Lowest,,,QL-D3,554ce392-5879-4468-8570-a060d68cc3fd,System.Byte[],SeattleParks_SeattleCityGIS,1/27/2025 7:37:54 PM,SeattleParks_SeattleCityGIS,1/27/2025 7:37:54 PM,1270851.12291197,250032.855046466
6446,Greenwood Park,Greenwood Park CS,GREENWOOD PARK RESTROOM,4408,2110,RESTROOM-GRWDPKCS,,A,YES,1985,SEASONAL,CLOSED,SEASON,NOV,,,7AM - 7/9PM,DISTRICT,1266712.42942192,256663.33881088,47.69353083,-122.35087447,5,NW PMD6,Second Highest,,,QL-D3,86b82093-3032-47a7-bc08-8c27fcc492e4,System.Byte[],SeattleParks_SeattleCityGIS,1/27/2025 7:37:54 PM,SeattleParks_SeattleCityGIS,1/27/2025 7:37:54 PM,1266712.42941773,256663.338832721
6447,,David Rodgers Park CS,DAVID RODGERS PARK RESTROOM,331,2035,RESTROOM-RODPKCS,,A,YES,1956,YEAR ROUND,OPEN,,,,,7AM - 7/9PM,DISTRICT,1264403.33399555,238640.18986443,47.64400515,-122.35879823,,CW PMD7,,,,QL-D3,4a599ebc-d293-4208-ae6f-d42f953dd29a,System.Byte[],SeattleParks_SeattleCityGIS,1/27/2025 7:37:54 PM,SeattleParks_SeattleCityGIS,1/27/2025 7:37:54 PM,1264403.33397031,238640.189839721
6448,Little Brook Park,Little Brook Park CS,LITTLE BROOK PARK RESTROOM,297,2189,RESTROOM-LIBRPKCS,,A,YES,1999,SEASONAL,CLOSED,SEASON,NOV,,,7AM - 7/9PM,DISTRICT,1280972.53247651,270163.45095271,47.7312906,-122.29402152,5,NE PMD4/5,,,,QL-D3,bbeb826a-4934-4a80-a57d-22ad5b60882b,System.Byte[],SeattleParks_SeattleCityGIS,1/27/2025 7:37:54 PM,SeattleParks_SeattleCityGIS,1/27/2025 7:37:54 PM,1280972.53245914,270163.450940058
6449,Soundview Playfield,Soundview PF CS,SOUNDVIEW PLAYFIELD RESTROOM,251,2306,RESTROOM-SVPFCS,,A,YES,1988,SEASONAL,CLOSED,SEASON,NOV,,YES,7AM - 7/9PM,DISTRICT,1259973.02947901,257357.07365958,47.69506471,-122.37829114,5,NW PMD6,Lowest,,,QL-D3,83e39c3f-b994-4864-835d-7eea56bbfd0c,System.Byte[],SeattleParks_SeattleCityGIS,1/27/2025 7:37:54 PM,SeattleParks_SeattleCityGIS,1/27/2025 7:37:54 PM,1259973.02951072,257357.073665723
6450,Lakeridge Playground,Lakeridge PG CS,LAKERIDGE PLAYGROUND RESTROOM,3972,2165,RESTROOM-LKRPGCS,,A,YES,2021,SEASONAL,OPEN,REPAIR,DEC,,,7AM - 7/9PM,DISTRICT,1291230.17895101,189452.73701406,47.51058677,-122.24632518,2,SE PMD2,Highest Equity Priority,,,QL-D3,2ecbb64b-a558-4157-8b02-7f602a4465ba,System.Byte[],SeattleParks_SeattleCityGIS,1/27/2025 7:37:54 PM,SeattleParks_SeattleCityGIS,1/27/2025 7:37:54 PM,1291230.17893855,189452.73703371
6451,Gilman Playground,Gilman PG SH,GILMAN PLAYGROUND SHELTERHOUSE RESTROOM,242,2096,RESTROOM-GILPGSH,,A,Yes,1932,SEASONAL,CLOSED,SEASON,,,,,,1261889.39447297,247113.03441709,47.66709164,-122.36968058,6,,Second Lowest,,1,QL-D3,c98850ad-07e2-4dff-8f9c-126c39b44132,System.Byte[],SeattleParks_SeattleCityGIS,1/27/2025 7:37:54 PM,SeattleParks_SeattleCityGIS,1/27/2025 7:37:54 PM,1261889.39444439,247113.034442544
6452,Bradner Gardens Park,Bradner Gardens Park CS,BRADNER GARDENS PARK RESTROOM,401,2001,RESTROOM-BRDPKCS,,A,YES,2002,YEAR ROUND,CLOSED,CAPITAL PROJECT-PLANNED,,,YES,PARK HOURS,NONE,1279556.65503506,217803.26497908,47.5876981,-122.29573098,,SC PMD2,Second Highest,,,QL-D3,6b30f3ef-95bd-4744-be49-f0b4d1c00c23,System.Byte[],SeattleParks_SeattleCityGIS,1/27/2025 7:37:54 PM,SeattleParks_SeattleCityGIS,1/27/2025 7:37:54 PM,1279556.65504156,217803.264978215
6453,Lakewood Playground,Lakewood PG CS,LAKEWOOD PLAYGROUND RESTROOM,414,2168,RESTROOM-LKWPGCS,,A,YES,1965,YEAR ROUND,OPEN,,,,,7AM - 7/9PM,DISTRICT,1285792.36339346,207212.11981624,47.55898966,-122.26966549,2,SE PMD2,Middle,,,QL-D3,9d161c5c-a1f6-48b4-a982-6eddb1469fce,System.Byte[],SeattleParks_SeattleCityGIS,1/27/2025 7:37:54 PM,SeattleParks_SeattleCityGIS,1/27/2025 7:37:54 PM,1285792.36337064,207212.119821966
6454,Sandel Playground,Sandel PG SH,SANDEL PLAYGROUND SHELTERHOUSE RESTROOM,250,2283,RESTROOM-SANPGSH,,A,YES,1974,YEAR ROUND,OPEN,,,,,7AM - 7/9PM,DISTRICT,1264837.00631599,257456.37170769,47.69560285,-122.35855203,5,NW PMD6,,,1,QL-D3,66c234b4-ab53-4f39-8044-cb5dc0e3176f,System.Byte[],SeattleParks_SeattleCityGIS,1/27/2025 7:37:54 PM,SeattleParks_SeattleCityGIS,1/27/2025 7:37:54 PM,1264837.00633131,257456.371695474
6455,,Queen Anne Bowl Restroom,QUEEN ANNE BOWL RESTROOM,3984,2248,RESTROOM-QABCS,,A,YES,1973,YEAR ROUND,OPEN,,,,,PARK HOURS,NONE,1263979.11793111,239021.50666481,47.64506732,-122.36055067,,CW PMD7,,,,QL-D3,7bb696c0-7e46-4e4a-b13e-b1a1b25db9e8,System.Byte[],SeattleParks_SeattleCityGIS,1/27/2025 7:37:54 PM,SeattleParks_SeattleCityGIS,1/27/2025 7:37:54 PM,1263979.11795522,239036.123431057
6456,East Queen Anne Playground,E Queen Anne PG SH,E QUEEN ANNE PLAYGROUND RESTROOM,329,2535,RESTROOM-EQAPGCS,,A,YES,1951,SEASONAL,CLOSED,SEASON,DEC,,,7AM - 7/9PM,DISTRICT,1265551.84580472,235746.18083745,47.63613512,-122.35390804,,CW PMD7,Lowest,,,QL-D3,d1354983-54a4-49cd-9440-ed4a32475032,System.Byte[],SeattleParks_SeattleCityGIS,1/27/2025 7:37:54 PM,SeattleParks_SeattleCityGIS,1/27/2025 7:37:54 PM,1265551.84578089,235746.180863962
6457,Pinehurst Playground,"PINEHURST PLAYGROUND SHELTERHOUSE
",PINEHURST PLAYGROUND SHELTERHOUSE,331,2241,RESTROOM-PNHPGSH,,NO,,1909,,Closed,,,,,,,,,47.71661684,-122.31425724,5,NE PMD4/5,Second Highest,,,QL-D3,73497c1e-b434-4859-8a8a-99a694ccbedf,System.Byte[],SeattleParks_SeattleCityGIS,1/27/2025 7:37:54 PM,SeattleParks_SeattleCityGIS,1/27/2025 7:37:54 PM,1275890.57018214,264907.111387134
6458,Washington Park - Japanese Gdn,Washington Pk Japn Grdn Gate Hse ,WASHINGTON PARK JAPANESE GARDEN GATE RESTROOM,4487,2342,RESTROOM-WAJGATE,,A,YES,2009,SEASONAL,OPEN,,DEC,,,7AM - 7/9PM,DISTRICT,1279688.4730192,232847.50525048,47.62894115,-122.29635583,3,CE PMD3,Lowest,,1,QL-D3,b8300b5f-a8c8-4693-bea6-7cab10f4b60d,System.Byte[],SeattleParks_SeattleCityGIS,1/27/2025 7:37:54 PM,SeattleParks_SeattleCityGIS,1/27/2025 7:37:54 PM,1279688.47301939,232847.505230889
6459,Peppi's Playground,Peppi's PG SH,PEPPI`S PLAYGROUND SHELTERHOUSE RESTROOM,378,2240,RESTROOM-PEPPGSH,,A,YES,1972,SEASONAL,CLOSED,SEASON,NOV,,,7AM - 7/9PM,DISTRICT,1280943.95346849,223289.6611447,47.60280844,-122.29053121,,CE PMD3,Lowest,,1,QL-D3,3ce5d8dc-20a7-4d21-ad5a-2c52c305bbdc,System.Byte[],SeattleParks_SeattleCityGIS,1/27/2025 7:37:54 PM,SeattleParks_SeattleCityGIS,1/27/2025 7:37:54 PM,1280943.95344806,223289.661157638
6460,Garfield Playfield,Garfield PF SH,GARFIELD PLAYFIELD SHELTERHOUSE RESTROOM,353,2082,RESTROOM-GARPFSH,,A,Yes,1958,YEAR ROUND,CLOSED,SEASON,,,,,,1278450.15986593,225123.59484258,47.60770534,-122.30077962,,CE PMD3,Second Highest,,,QL-D3,d1be99d5-06df-43d7-808f-b602037c9f74,System.Byte[],SeattleParks_SeattleCityGIS,1/27/2025 7:37:54 PM,SeattleParks_SeattleCityGIS,1/27/2025 7:37:54 PM,1278450.15987922,225123.594825715
6461,,Gas Works Park Conc/CS,GAS WORKS PARK CONCESSION/RESTROOM,293,2083,RESTROOM-GWCCS,,A,YES,1976,YEAR ROUND,OPEN,REPAIR-VANDALISM,,,NO,PARK HOURS,NONE,1270614.3461619,239340.81706514,47.64626026,-122.33366235,,,,,,QL-D3,c4fe59a9-1376-45db-abe6-80dd5b4b0979,System.Byte[],SeattleParks_SeattleCityGIS,1/27/2025 7:37:54 PM,SeattleParks_SeattleCityGIS,1/27/2025 7:37:54 PM,1270614.34615456,239340.817047387
6462,Lincoln Park,Lincoln Park Beach CS,LINCOLN PARK BEACH RESTROOM,460,2178,RESTROOM-LINBCS,,A,YES,1971,YEAR ROUND,OPEN,,,,,7AM - 7/9PM,DISTRICT,1254492.3859534,196121.76927689,47.52691972,-122.39549443,1,SW PMD1,,,,QL-D3,9da15b86-a69a-4636-96a0-f3729f46305b,System.Byte[],SeattleParks_SeattleCityGIS,1/27/2025 7:37:54 PM,SeattleParks_SeattleCityGIS,1/27/2025 7:37:54 PM,1254492.38594447,196121.769299299
6463,Fred Hutchinson Playground,Fred Hutchinson PG CS,FRED HUTCHINSON PG RESTROOM,439,1089,RESTROOM-HUTCS,,NO,Yes,1949,SEASONAL,,,,,,,,1287920.83353964,191022.37003966,47.51472181,-122.2598312,2,SE PMD2,,,,QL-D3,7ad2197e-36d1-4c59-bc72-91ba06eb6289,System.Byte[],SeattleParks_SeattleCityGIS,1/27/2025 7:37:54 PM,SeattleParks_SeattleCityGIS,1/27/2025 7:37:54 PM,1287920.83352314,191022.370049298
6464,Garfield Playfield,Garfield CC,GARFIELD COMMUNITY CENTER RESTROOM,353,1129,RESTROOM-GARCC,,NO,,1753,,,,,,,,,,,47.60777966,-122.30230025,,CE PMD3,Second Highest,,,QL-D3,75dcb95b-9dac-4cff-8b20-31df04ff6c81,System.Byte[],SeattleParks_SeattleCityGIS,1/27/2025 7:37:54 PM,SeattleParks_SeattleCityGIS,1/27/2025 7:37:54 PM,1278075.63930281,225157.855255887
6465,Madrona Playground,Madrona PG SH,MADRONA PLAYGROUND SHELTERHOUSE,371,2197,RESTROOM-MDRPGSH,,A,YES,1938,YEAR ROUND,OPEN,,,,,7AM - 7/9PM,DISTRICT,1281186.85881273,226381.58965987,47.61129602,-122.28978396,3,CE PMD3,Lowest,,,QL-D3,45a69717-b9a5-4681-b3e8-6e94fd58bb77,System.Byte[],SeattleParks_SeattleCityGIS,1/27/2025 7:37:54 PM,SeattleParks_SeattleCityGIS,1/27/2025 7:37:54 PM,1281186.85880214,226381.589685053
